Crank Radius,Link Length,Offset,Theta Angle,Phi Angle,Link Normal Stress,Xs,Vs,As
0.124,0.127,0.002,15.000,15.633,0.024,0.243,-0.205,0.160
0.124,0.127,0.002,30.000,30.391,0.032,0.217,-0.390,0.321
0.124,0.127,0.002,45.000,45.148,0.046,0.178,-0.548,0.483
0.124,0.127,0.002,60.000,59.851,0.102,0.126,-0.666,1.144
0.124,0.127,0.002,75.000,74.293,0.559,0.067,-0.689,3.896
0.124,0.127,0.002,90.000,84.914,-2.368,0.011,-0.387,0.316
0.124,0.127,0.002,105.000,74.293,-0.264,0.002,-0.058,-3.285
0.124,0.127,0.002,120.000,59.851,0.018,0.002,-0.004,-0.596
0.124,0.127,0.002,135.000,45.148,0.030,0.002,0.001,-0.036
0.124,0.127,0.002,150.000,30.391,0.024,0.002,0.003,-0.005
0.124,0.127,0.002,165.000,15.633,0.021,0.002,0.005,0.003
0.124,0.127,0.002,180.000,0.902,0.020,0.002,0.006,0.011
0.124,0.127,0.002,195.000,-13.767,0.020,0.003,0.009,0.025
0.124,0.127,0.002,210.000,-28.321,0.023,0.004,0.014,0.065
0.124,0.127,0.002,225.000,-42.644,0.030,0.005,0.024,0.216
0.124,0.127,0.002,240.000,-56.432,0.058,0.008,0.052,0.874
0.124,0.127,0.002,255.000,-68.617,0.112,0.014,0.153,1.589
0.124,0.127,0.002,270.000,-74.702,0.037,0.034,0.387,-0.316
0.124,0.127,0.002,285.000,-68.617,-0.053,0.079,0.594,-2.200
0.124,0.127,0.002,300.000,-56.432,-0.014,0.132,0.618,-1.421
0.124,0.127,0.002,315.000,-42.644,0.008,0.181,0.523,-0.663
0.124,0.127,0.002,330.000,-28.321,0.013,0.220,0.373,-0.382
0.124,0.127,0.002,345.000,-13.767,0.016,0.244,0.191,-0.189
0.124,0.127,0.002,360.000,0.902,0.019,0.251,-0.006,-0.011
0.124,0.130,0.005,15.000,16.349,0.024,0.245,-0.209,0.158
0.124,0.130,0.005,30.000,30.766,0.032,0.219,-0.391,0.332
0.124,0.130,0.005,45.000,45.161,0.048,0.179,-0.545,0.542
0.124,0.130,0.005,60.000,59.392,0.110,0.128,-0.655,1.353
0.124,0.130,0.005,75.000,72.933,0.417,0.070,-0.651,3.147
0.124,0.130,0.005,90.000,81.288,0.493,0.020,-0.385,0.315
0.124,0.130,0.005,105.000,72.933,-0.157,0.006,-0.093,-2.539
0.124,0.130,0.005,120.000,59.392,0.008,0.004,-0.012,-0.808
0.124,0.130,0.005,135.000,45.161,0.028,0.004,0.001,-0.097
0.124,0.130,0.005,150.000,30.766,0.024,0.004,0.006,-0.017
0.124,0.130,0.005,165.000,16.349,0.021,0.005,0.010,0.005
0.124,0.130,0.005,180.000,1.984,0.020,0.006,0.014,0.022
0.124,0.130,0.005,195.000,-12.255,0.021,0.007,0.020,0.050
0.124,0.130,0.005,210.000,-26.251,0.023,0.009,0.030,0.117
0.124,0.130,0.005,225.000,-39.781,0.031,0.012,0.050,0.304
0.124,0.130,0.005,240.000,-52.320,0.050,0.017,0.095,0.750
0.124,0.130,0.005,255.000,-62.465,0.068,0.028,0.202,0.902
0.124,0.130,0.005,270.000,-66.814,0.027,0.051,0.385,-0.315
0.124,0.130,0.005,285.000,-62.465,-0.019,0.092,0.542,-1.510
0.124,0.130,0.005,300.000,-52.320,-0.009,0.141,0.572,-1.295
0.124,0.130,0.005,315.000,-39.781,0.006,0.188,0.495,-0.750
0.124,0.130,0.005,330.000,-26.251,0.012,0.224,0.355,-0.432
0.124,0.130,0.005,345.000,-12.255,0.015,0.247,0.180,-0.213
0.124,0.130,0.005,360.000,1.984,0.019,0.254,-0.014,-0.022
0.120,0.136,0.015,15.000,19.795,0.025,0.244,-0.227,0.131
0.120,0.136,0.015,30.000,33.468,0.033,0.217,-0.400,0.301
0.120,0.136,0.015,45.000,47.241,0.049,0.177,-0.548,0.492
0.120,0.136,0.015,60.000,60.978,0.113,0.126,-0.656,1.270
0.120,0.136,0.015,75.000,74.277,0.505,0.068,-0.657,3.430
0.120,0.136,0.015,90.000,83.048,1.181,0.016,-0.373,0.305
0.120,0.136,0.015,105.000,74.277,-0.213,0.006,-0.063,-2.842
0.120,0.136,0.015,120.000,60.978,0.012,0.006,0.010,-0.742
0.120,0.136,0.015,135.000,47.241,0.030,0.007,0.021,-0.060
0.120,0.136,0.015,150.000,33.468,0.025,0.010,0.027,0.003
0.120,0.136,0.015,165.000,19.795,0.022,0.012,0.034,0.027
0.120,0.136,0.015,180.000,6.332,0.021,0.015,0.043,0.052
0.120,0.136,0.015,195.000,-6.781,0.021,0.019,0.055,0.093
0.120,0.136,0.015,210.000,-19.322,0.024,0.024,0.076,0.168
0.120,0.136,0.015,225.000,-30.906,0.028,0.032,0.111,0.289
0.120,0.136,0.015,240.000,-40.832,0.033,0.043,0.170,0.393
0.120,0.136,0.015,255.000,-47.901,0.033,0.060,0.261,0.240
0.120,0.136,0.015,270.000,-50.539,0.019,0.086,0.373,-0.305
0.120,0.136,0.015,285.000,-47.901,0.004,0.122,0.459,-0.829
0.120,0.136,0.015,300.000,-40.832,0.001,0.163,0.476,-0.921
0.120,0.136,0.015,315.000,-30.906,0.006,0.202,0.416,-0.720
0.120,0.136,0.015,330.000,-19.322,0.010,0.232,0.297,-0.473
0.120,0.136,0.015,345.000,-6.781,0.015,0.251,0.137,-0.251
0.120,0.136,0.015,360.000,6.332,0.019,0.255,-0.043,-0.052
0.123,0.137,0.010,15.000,17.780,0.025,0.249,-0.218,0.158
0.123,0.137,0.010,30.000,31.460,0.033,0.223,-0.393,0.357
0.123,0.137,0.010,45.000,45.059,0.051,0.184,-0.539,0.640
0.123,0.137,0.010,60.000,58.268,0.110,0.134,-0.632,1.439
0.123,0.137,0.010,75.000,70.087,0.269,0.078,-0.604,2.337
0.123,0.137,0.010,90.000,76.121,0.181,0.033,-0.382,0.312
0.123,0.137,0.010,105.000,70.087,-0.061,0.015,-0.134,-1.734
0.123,0.137,0.010,120.000,58.268,0.004,0.011,-0.030,-0.898
0.123,0.137,0.010,135.000,45.059,0.025,0.010,-0.001,-0.198
0.123,0.137,0.010,150.000,31.460,0.023,0.010,0.011,-0.044
0.123,0.137,0.010,165.000,17.780,0.021,0.012,0.020,0.004
0.123,0.137,0.010,180.000,4.186,0.021,0.014,0.029,0.036
0.123,0.137,0.010,195.000,-9.171,0.021,0.016,0.041,0.080
0.123,0.137,0.010,210.000,-22.081,0.024,0.020,0.060,0.162
0.123,0.137,0.010,225.000,-34.184,0.029,0.026,0.092,0.315
0.123,0.137,0.010,240.000,-44.792,0.038,0.036,0.150,0.499
0.123,0.137,0.010,255.000,-52.582,0.040,0.051,0.250,0.378
0.123,0.137,0.010,270.000,-55.570,0.021,0.077,0.382,-0.312
0.123,0.137,0.010,285.000,-52.582,-0.000,0.115,0.488,-0.982
0.123,0.137,0.010,300.000,-44.792,-0.002,0.159,0.511,-1.040
0.123,0.137,0.010,315.000,-34.184,0.005,0.200,0.448,-0.757
0.123,0.137,0.010,330.000,-22.081,0.010,0.233,0.323,-0.475
0.123,0.137,0.010,345.000,-9.171,0.015,0.254,0.157,-0.242
0.123,0.137,0.010,360.000,4.186,0.019,0.260,-0.029,-0.036
0.118,0.137,0.018,15.000,20.975,0.025,0.242,-0.231,0.121
0.118,0.137,0.018,30.000,34.450,0.033,0.215,-0.402,0.284
0.118,0.137,0.018,45.000,48.080,0.048,0.175,-0.548,0.447
0.118,0.137,0.018,60.000,61.758,0.109,0.124,-0.657,1.122
0.118,0.137,0.018,75.000,75.240,0.613,0.065,-0.673,3.864
0.118,0.137,0.018,90.000,85.103,-1.794,0.012,-0.366,0.300
0.118,0.137,0.018,105.000,75.240,-0.291,0.004,-0.035,-3.285
0.118,0.137,0.018,120.000,61.758,0.020,0.006,0.022,-0.602
0.118,0.137,0.018,135.000,48.080,0.032,0.008,0.030,-0.024
0.118,0.137,0.018,150.000,34.450,0.026,0.011,0.035,0.015
0.118,0.137,0.018,165.000,20.975,0.023,0.014,0.042,0.034
0.118,0.137,0.018,180.000,7.761,0.021,0.018,0.051,0.058
0.118,0.137,0.018,195.000,-5.042,0.021,0.022,0.066,0.099
0.118,0.137,0.018,210.000,-17.195,0.023,0.029,0.088,0.167
0.118,0.137,0.018,225.000,-28.295,0.027,0.037,0.125,0.263
0.118,0.137,0.018,240.000,-37.653,0.031,0.049,0.183,0.321
0.118,0.137,0.018,255.000,-44.181,0.029,0.068,0.268,0.157
0.118,0.137,0.018,270.000,-46.575,0.018,0.094,0.366,-0.300
0.118,0.137,0.018,285.000,-44.181,0.006,0.129,0.440,-0.736
0.118,0.137,0.018,300.000,-37.653,0.003,0.167,0.452,-0.840
0.118,0.137,0.018,315.000,-28.295,0.006,0.204,0.394,-0.687
0.118,0.137,0.018,330.000,-17.195,0.010,0.233,0.278,-0.466
0.118,0.137,0.018,345.000,-5.042,0.014,0.250,0.124,-0.254
0.118,0.137,0.018,360.000,7.761,0.019,0.254,-0.051,-0.058
0.120,0.139,0.018,15.000,20.467,0.025,0.245,-0.231,0.130
0.120,0.139,0.018,30.000,33.901,0.033,0.218,-0.402,0.306
0.120,0.139,0.018,45.000,47.430,0.050,0.178,-0.548,0.519
0.120,0.139,0.018,60.000,60.877,0.116,0.127,-0.650,1.342
0.120,0.139,0.018,75.000,73.693,0.445,0.070,-0.641,3.127
0.120,0.139,0.018,90.000,81.560,0.537,0.020,-0.371,0.304
0.120,0.139,0.018,105.000,73.693,-0.169,0.008,-0.076,-2.540
0.120,0.139,0.018,120.000,60.877,0.008,0.008,0.007,-0.816
0.120,0.139,0.018,135.000,47.430,0.030,0.009,0.023,-0.090
0.120,0.139,0.018,150.000,33.901,0.025,0.011,0.031,-0.003
0.120,0.139,0.018,165.000,20.467,0.022,0.014,0.039,0.027
0.120,0.139,0.018,180.000,7.259,0.021,0.018,0.049,0.055
0.120,0.139,0.018,195.000,-5.564,0.021,0.022,0.063,0.097
0.120,0.139,0.018,210.000,-17.761,0.023,0.028,0.086,0.168
0.120,0.139,0.018,225.000,-28.931,0.027,0.037,0.122,0.271
0.120,0.139,0.018,240.000,-38.379,0.031,0.049,0.182,0.338
0.120,0.139,0.018,255.000,-44.996,0.030,0.067,0.269,0.174
0.120,0.139,0.018,270.000,-47.431,0.018,0.094,0.371,-0.304
0.120,0.139,0.018,285.000,-44.996,0.006,0.129,0.448,-0.760
0.120,0.139,0.018,300.000,-38.379,0.003,0.168,0.461,-0.864
0.120,0.139,0.018,315.000,-28.931,0.006,0.206,0.402,-0.700
0.120,0.139,0.018,330.000,-17.761,0.010,0.235,0.285,-0.472
0.120,0.139,0.018,345.000,-5.564,0.014,0.253,0.129,-0.254
0.120,0.139,0.018,360.000,7.259,0.019,0.257,-0.049,-0.055
0.120,0.140,0.018,15.000,20.675,0.025,0.246,-0.232,0.132
0.120,0.140,0.018,30.000,33.982,0.033,0.220,-0.403,0.313
0.120,0.140,0.018,45.000,47.367,0.051,0.179,-0.547,0.546
0.120,0.140,0.018,60.000,60.617,0.117,0.128,-0.646,1.384
0.120,0.140,0.018,75.000,73.064,0.397,0.072,-0.629,2.898
0.120,0.140,0.018,90.000,80.304,0.368,0.024,-0.371,0.304
0.120,0.140,0.018,105.000,73.064,-0.136,0.010,-0.088,-2.312
0.120,0.140,0.018,120.000,60.617,0.006,0.009,0.003,-0.858
0.120,0.140,0.018,135.000,47.367,0.029,0.010,0.022,-0.116
0.120,0.140,0.018,150.000,33.982,0.025,0.013,0.031,-0.010
0.120,0.140,0.018,165.000,20.675,0.022,0.016,0.040,0.025
0.120,0.140,0.018,180.000,7.593,0.021,0.019,0.051,0.055
0.120,0.140,0.018,195.000,-5.093,0.021,0.024,0.066,0.098
0.120,0.140,0.018,210.000,-17.136,0.023,0.030,0.090,0.168
0.120,0.140,0.018,225.000,-28.127,0.027,0.039,0.127,0.264
0.120,0.140,0.018,240.000,-37.378,0.030,0.052,0.187,0.317
0.120,0.140,0.018,255.000,-43.816,0.029,0.070,0.273,0.150
0.120,0.140,0.018,270.000,-46.173,0.018,0.097,0.371,-0.304
0.120,0.140,0.018,285.000,-43.816,0.006,0.132,0.444,-0.736
0.120,0.140,0.018,300.000,-37.378,0.003,0.171,0.456,-0.843
0.120,0.140,0.018,315.000,-28.127,0.006,0.208,0.398,-0.693
0.120,0.140,0.018,330.000,-17.136,0.010,0.237,0.281,-0.471
0.120,0.140,0.018,345.000,-5.093,0.014,0.255,0.126,-0.256
0.120,0.140,0.018,360.000,7.593,0.019,0.258,-0.051,-0.055
0.123,0.142,0.012,15.000,17.981,0.025,0.254,-0.219,0.168
0.123,0.142,0.012,30.000,31.172,0.034,0.228,-0.390,0.387
0.123,0.142,0.012,45.000,44.187,0.052,0.189,-0.530,0.708
0.123,0.142,0.012,60.000,56.580,0.102,0.140,-0.610,1.399
0.123,0.142,0.012,75.000,67.101,0.192,0.087,-0.574,1.870
0.123,0.142,0.012,90.000,71.935,0.120,0.044,-0.382,0.312
0.123,0.142,0.012,105.000,67.101,-0.019,0.023,-0.164,-1.266
0.123,0.142,0.012,120.000,56.580,0.005,0.017,-0.051,-0.858
0.123,0.142,0.012,135.000,44.187,0.022,0.015,-0.010,-0.266
0.123,0.142,0.012,150.000,31.172,0.023,0.015,0.008,-0.074
0.123,0.142,0.012,165.000,17.981,0.021,0.016,0.021,-0.006
0.123,0.142,0.012,180.000,4.848,0.021,0.018,0.033,0.037
0.123,0.142,0.012,195.000,-8.029,0.021,0.022,0.048,0.087
0.123,0.142,0.012,210.000,-20.401,0.024,0.027,0.071,0.168
0.123,0.142,0.012,225.000,-31.870,0.028,0.034,0.107,0.298
0.123,0.142,0.012,240.000,-41.732,0.034,0.044,0.169,0.414
0.123,0.142,0.012,255.000,-48.779,0.034,0.062,0.265,0.260
0.123,0.142,0.012,270.000,-51.416,0.019,0.089,0.382,-0.312
0.123,0.142,0.012,285.000,-48.779,0.003,0.125,0.473,-0.863
0.123,0.142,0.012,300.000,-41.732,0.001,0.167,0.493,-0.955
0.123,0.142,0.012,315.000,-31.870,0.005,0.208,0.433,-0.740
0.123,0.142,0.012,330.000,-20.401,0.010,0.240,0.311,-0.481
0.123,0.142,0.012,345.000,-8.029,0.015,0.259,0.149,-0.248
0.123,0.142,0.012,360.000,4.848,0.019,0.264,-0.033,-0.037
0.122,0.145,0.016,15.000,19.154,0.025,0.255,-0.226,0.162
0.122,0.145,0.016,30.000,32.075,0.034,0.229,-0.395,0.381
0.122,0.145,0.016,45.000,44.853,0.053,0.189,-0.532,0.704
0.122,0.145,0.016,60.000,57.035,0.103,0.140,-0.610,1.397
0.122,0.145,0.016,75.000,67.377,0.195,0.087,-0.572,1.866
0.122,0.145,0.016,90.000,72.124,0.122,0.045,-0.379,0.310
0.122,0.145,0.016,105.000,67.377,-0.020,0.024,-0.160,-1.268
0.122,0.145,0.016,120.000,57.035,0.005,0.018,-0.046,-0.860
0.122,0.145,0.016,135.000,44.853,0.022,0.017,-0.004,-0.266
0.122,0.145,0.016,150.000,32.075,0.023,0.017,0.016,-0.071
0.122,0.145,0.016,165.000,19.154,0.021,0.019,0.029,-0.001
0.122,0.145,0.016,180.000,6.335,0.021,0.022,0.043,0.043
0.122,0.145,0.016,195.000,-6.167,0.021,0.026,0.060,0.093
0.122,0.145,0.016,210.000,-18.080,0.023,0.032,0.086,0.169
0.122,0.145,0.016,225.000,-28.986,0.027,0.041,0.125,0.271
0.122,0.145,0.016,240.000,-38.193,0.031,0.053,0.186,0.333
0.122,0.145,0.016,255.000,-44.617,0.029,0.072,0.276,0.163
0.122,0.145,0.016,270.000,-46.973,0.018,0.099,0.379,-0.310
0.122,0.145,0.016,285.000,-44.617,0.006,0.135,0.456,-0.761
0.122,0.145,0.016,300.000,-38.193,0.003,0.175,0.470,-0.869
0.122,0.145,0.016,315.000,-28.986,0.006,0.213,0.411,-0.710
0.122,0.145,0.016,330.000,-18.080,0.010,0.243,0.293,-0.479
0.122,0.145,0.016,345.000,-6.167,0.014,0.262,0.136,-0.254
0.122,0.145,0.016,360.000,6.335,0.019,0.266,-0.043,-0.043
0.121,0.145,0.018,15.000,19.658,0.025,0.254,-0.228,0.157
0.121,0.145,0.018,30.000,32.534,0.034,0.228,-0.397,0.374
0.121,0.145,0.018,45.000,45.296,0.053,0.188,-0.534,0.694
0.121,0.145,0.018,60.000,57.506,0.105,0.139,-0.613,1.405
0.121,0.145,0.018,75.000,67.952,0.206,0.086,-0.575,1.924
0.121,0.145,0.018,90.000,72.809,0.129,0.043,-0.377,0.309
0.121,0.145,0.018,105.000,67.952,-0.025,0.023,-0.154,-1.328
0.121,0.145,0.018,120.000,57.506,0.005,0.017,-0.040,-0.871
0.121,0.145,0.018,135.000,45.296,0.023,0.016,0.000,-0.257
0.121,0.145,0.018,150.000,32.534,0.023,0.017,0.019,-0.066
0.121,0.145,0.018,165.000,19.658,0.022,0.020,0.033,0.002
0.121,0.145,0.018,180.000,6.908,0.021,0.023,0.047,0.046
0.121,0.145,0.018,195.000,-5.500,0.021,0.027,0.065,0.095
0.121,0.145,0.018,210.000,-17.293,0.023,0.034,0.090,0.168
0.121,0.145,0.018,225.000,-28.047,0.027,0.042,0.130,0.262
0.121,0.145,0.018,240.000,-37.078,0.030,0.055,0.191,0.310
0.121,0.145,0.018,255.000,-43.340,0.028,0.074,0.279,0.138
0.121,0.145,0.018,270.000,-45.625,0.017,0.102,0.377,-0.309
0.121,0.145,0.018,285.000,-43.340,0.006,0.137,0.450,-0.735
0.121,0.145,0.018,300.000,-37.078,0.003,0.177,0.462,-0.844
0.121,0.145,0.018,315.000,-28.047,0.006,0.214,0.404,-0.699
0.121,0.145,0.018,330.000,-17.293,0.010,0.244,0.287,-0.476
0.121,0.145,0.018,345.000,-5.500,0.014,0.262,0.131,-0.255
0.121,0.145,0.018,360.000,6.908,0.019,0.266,-0.047,-0.046
0.122,0.146,0.015,15.000,18.657,0.025,0.257,-0.223,0.169
0.122,0.146,0.015,30.000,31.484,0.034,0.231,-0.391,0.396
0.122,0.146,0.015,45.000,44.109,0.053,0.191,-0.527,0.727
0.122,0.146,0.015,60.000,56.034,0.099,0.143,-0.601,1.367
0.122,0.146,0.015,75.000,65.950,0.170,0.091,-0.562,1.714
0.122,0.146,0.015,90.000,70.353,0.107,0.049,-0.380,0.311
0.122,0.146,0.015,105.000,65.950,-0.008,0.028,-0.173,-1.113
0.122,0.146,0.015,120.000,56.034,0.006,0.020,-0.058,-0.828
0.122,0.146,0.015,135.000,44.109,0.021,0.018,-0.011,-0.287
0.122,0.146,0.015,150.000,31.484,0.022,0.018,0.011,-0.085
0.122,0.146,0.015,165.000,18.657,0.021,0.020,0.026,-0.008
0.122,0.146,0.015,180.000,5.897,0.021,0.023,0.040,0.039
0.122,0.146,0.015,195.000,-6.570,0.021,0.027,0.058,0.092
0.122,0.146,0.015,210.000,-18.468,0.023,0.032,0.083,0.169
0.122,0.146,0.015,225.000,-29.377,0.027,0.041,0.123,0.275
0.122,0.146,0.015,240.000,-38.601,0.031,0.053,0.185,0.340
0.122,0.146,0.015,255.000,-45.049,0.030,0.071,0.276,0.170
0.122,0.146,0.015,270.000,-47.417,0.018,0.099,0.380,-0.311
0.122,0.146,0.015,285.000,-45.049,0.005,0.135,0.459,-0.772
0.122,0.146,0.015,300.000,-38.601,0.002,0.175,0.474,-0.879
0.122,0.146,0.015,315.000,-29.377,0.006,0.214,0.415,-0.715
0.122,0.146,0.015,330.000,-18.468,0.010,0.245,0.297,-0.480
0.122,0.146,0.015,345.000,-6.570,0.014,0.263,0.139,-0.253
0.122,0.146,0.015,360.000,5.897,0.019,0.268,-0.040,-0.039
0.112,0.146,0.034,15.000,25.341,0.025,0.240,-0.251,0.102
0.112,0.146,0.034,30.000,37.808,0.034,0.212,-0.409,0.260
0.112,0.146,0.034,45.000,50.524,0.050,0.172,-0.545,0.420
0.112,0.146,0.034,60.000,63.355,0.116,0.121,-0.647,1.102
0.112,0.146,0.034,75.000,76.033,0.665,0.064,-0.656,3.819
0.112,0.146,0.034,90.000,85.257,-1.492,0.012,-0.348,0.284
0.112,0.146,0.034,105.000,76.033,-0.317,0.006,-0.016,-3.269
0.112,0.146,0.034,120.000,63.355,0.021,0.009,0.044,-0.609
0.112,0.146,0.034,135.000,50.524,0.035,0.014,0.053,-0.017
0.112,0.146,0.034,150.000,37.808,0.028,0.018,0.061,0.025
0.112,0.146,0.034,165.000,25.341,0.024,0.024,0.070,0.045
0.112,0.146,0.034,180.000,13.265,0.022,0.030,0.084,0.068
0.112,0.146,0.034,195.000,1.771,0.022,0.038,0.103,0.100
0.112,0.146,0.034,210.000,-8.865,0.022,0.047,0.130,0.138
0.112,0.146,0.034,225.000,-18.239,0.023,0.059,0.169,0.166
0.112,0.146,0.034,240.000,-25.779,0.024,0.075,0.222,0.133
0.112,0.146,0.034,255.000,-30.766,0.021,0.096,0.286,-0.021
0.112,0.146,0.034,270.000,-32.525,0.016,0.123,0.348,-0.284
0.112,0.146,0.034,285.000,-30.766,0.010,0.154,0.386,-0.529
0.112,0.146,0.034,300.000,-25.779,0.008,0.187,0.381,-0.626
0.112,0.146,0.034,315.000,-18.239,0.008,0.218,0.323,-0.568
0.112,0.146,0.034,330.000,-8.865,0.011,0.241,0.218,-0.423
0.112,0.146,0.034,345.000,1.771,0.015,0.254,0.077,-0.247
0.112,0.146,0.034,360.000,13.265,0.019,0.254,-0.084,-0.068
0.115,0.150,0.033,15.000,24.525,0.025,0.248,-0.251,0.119
0.115,0.150,0.033,30.000,36.870,0.035,0.220,-0.411,0.302
0.115,0.150,0.033,45.000,49.357,0.053,0.179,-0.546,0.552
0.115,0.150,0.033,60.000,61.717,0.123,0.129,-0.635,1.395
0.115,0.150,0.033,75.000,73.178,0.378,0.073,-0.608,2.681
0.115,0.150,0.033,90.000,79.525,0.305,0.027,-0.357,0.292
0.115,0.150,0.033,105.000,73.178,-0.117,0.014,-0.082,-2.116
0.115,0.150,0.033,120.000,61.717,0.005,0.014,0.016,-0.889
0.115,0.150,0.033,135.000,49.357,0.029,0.016,0.041,-0.139
0.115,0.150,0.033,150.000,36.870,0.026,0.020,0.054,-0.010
0.115,0.150,0.033,165.000,24.525,0.023,0.025,0.066,0.032
0.115,0.150,0.033,180.000,12.513,0.022,0.031,0.081,0.064
0.115,0.150,0.033,195.000,1.045,0.022,0.039,0.101,0.100
0.115,0.150,0.033,210.000,-9.594,0.022,0.048,0.130,0.142
0.115,0.150,0.033,225.000,-18.993,0.024,0.061,0.170,0.174
0.115,0.150,0.033,240.000,-26.570,0.024,0.077,0.225,0.143
0.115,0.150,0.033,255.000,-31.593,0.021,0.098,0.292,-0.016
0.115,0.150,0.033,270.000,-33.367,0.015,0.125,0.357,-0.292
0.115,0.150,0.033,285.000,-31.593,0.010,0.158,0.398,-0.549
0.115,0.150,0.033,300.000,-26.570,0.007,0.192,0.394,-0.649
0.115,0.150,0.033,315.000,-18.993,0.008,0.223,0.335,-0.587
0.115,0.150,0.033,330.000,-9.594,0.011,0.247,0.227,-0.434
0.115,0.150,0.033,345.000,1.045,0.015,0.261,0.084,-0.251
0.115,0.150,0.033,360.000,12.513,0.019,0.261,-0.081,-0.064
0.117,0.150,0.030,15.000,23.405,0.025,0.251,-0.247,0.131
0.117,0.150,0.030,30.000,35.783,0.035,0.223,-0.409,0.329
0.117,0.150,0.030,45.000,48.221,0.054,0.183,-0.543,0.617
0.117,0.150,0.030,60.000,60.374,0.118,0.133,-0.626,1.421
0.117,0.150,0.030,75.000,71.250,0.289,0.079,-0.591,2.301
0.117,0.150,0.030,90.000,76.761,0.194,0.034,-0.363,0.297
0.117,0.150,0.030,105.000,71.250,-0.066,0.018,-0.111,-1.726
0.117,0.150,0.030,120.000,60.374,0.004,0.016,-0.003,-0.907
0.117,0.150,0.030,135.000,48.221,0.027,0.018,0.029,-0.196
0.117,0.150,0.030,150.000,35.783,0.025,0.021,0.045,-0.032
0.117,0.150,0.030,165.000,23.405,0.023,0.025,0.059,0.023
0.117,0.150,0.030,180.000,11.304,0.022,0.031,0.074,0.060
0.117,0.150,0.030,195.000,-0.298,0.022,0.037,0.095,0.100
0.117,0.150,0.030,210.000,-11.110,0.023,0.046,0.123,0.149
0.117,0.150,0.030,225.000,-20.714,0.024,0.058,0.164,0.190
0.117,0.150,0.030,240.000,-28.505,0.025,0.074,0.221,0.168
0.117,0.150,0.030,255.000,-33.704,0.022,0.095,0.292,0.004
0.117,0.150,0.030,270.000,-35.549,0.016,0.122,0.363,-0.297
0.117,0.150,0.030,285.000,-33.704,0.009,0.155,0.410,-0.578
0.117,0.150,0.030,300.000,-28.505,0.006,0.191,0.408,-0.683
0.117,0.150,0.030,315.000,-20.714,0.008,0.224,0.349,-0.610
0.117,0.150,0.030,330.000,-11.110,0.011,0.249,0.240,-0.446
0.117,0.150,0.030,345.000,-0.298,0.015,0.264,0.093,-0.254
0.117,0.150,0.030,360.000,11.304,0.019,0.265,-0.074,-0.060
0.120,0.152,0.023,15.000,20.885,0.025,0.258,-0.235,0.160
0.120,0.152,0.023,30.000,33.209,0.035,0.232,-0.399,0.387
0.120,0.152,0.023,45.000,45.388,0.054,0.192,-0.530,0.720
0.120,0.152,0.023,60.000,56.916,0.101,0.143,-0.601,1.361
0.120,0.152,0.023,75.000,66.501,0.175,0.092,-0.559,1.705
0.120,0.152,0.023,90.000,70.748,0.109,0.050,-0.374,0.306
0.120,0.152,0.023,105.000,66.501,-0.009,0.029,-0.164,-1.113
0.120,0.152,0.023,120.000,56.916,0.006,0.023,-0.047,-0.831
0.120,0.152,0.023,135.000,45.388,0.022,0.022,0.001,-0.288
0.120,0.152,0.023,150.000,33.209,0.023,0.023,0.024,-0.081
0.120,0.152,0.023,165.000,20.885,0.022,0.026,0.042,-0.001
0.120,0.152,0.023,180.000,8.703,0.021,0.030,0.059,0.047
0.120,0.152,0.023,195.000,-3.088,0.021,0.035,0.080,0.097
0.120,0.152,0.023,210.000,-14.186,0.023,0.043,0.109,0.159
0.120,0.152,0.023,225.000,-24.158,0.025,0.053,0.151,0.222
0.120,0.152,0.023,240.000,-32.360,0.027,0.068,0.212,0.223
0.120,0.152,0.023,255.000,-37.911,0.024,0.089,0.291,0.050
0.120,0.152,0.023,270.000,-39.900,0.016,0.117,0.374,-0.306
0.120,0.152,0.023,285.000,-37.911,0.008,0.151,0.432,-0.642
0.120,0.152,0.023,300.000,-32.360,0.005,0.189,0.437,-0.753
0.120,0.152,0.023,315.000,-24.158,0.007,0.224,0.378,-0.654
0.120,0.152,0.023,330.000,-14.186,0.010,0.252,0.266,-0.465
0.120,0.152,0.023,345.000,-3.088,0.014,0.268,0.114,-0.255
0.120,0.152,0.023,360.000,8.703,0.019,0.271,-0.059,-0.047
0.118,0.152,0.030,15.000,23.213,0.025,0.253,-0.247,0.137
0.118,0.152,0.030,30.000,35.492,0.035,0.226,-0.408,0.343
0.118,0.152,0.030,45.000,47.790,0.054,0.185,-0.541,0.647
0.118,0.152,0.030,60.000,59.716,0.115,0.135,-0.620,1.416
0.118,0.152,0.030,75.000,70.180,0.253,0.082,-0.580,2.116
0.118,0.152,0.030,90.000,75.263,0.162,0.039,-0.365,0.298
0.118,0.152,0.030,105.000,70.180,-0.046,0.021,-0.125,-1.540
0.118,0.152,0.030,120.000,59.716,0.004,0.018,-0.013,-0.899
0.118,0.152,0.030,135.000,47.790,0.025,0.019,0.025,-0.225
0.118,0.152,0.030,150.000,35.492,0.025,0.022,0.043,-0.044
0.118,0.152,0.030,165.000,23.213,0.023,0.026,0.058,0.018
0.118,0.152,0.030,180.000,11.191,0.022,0.032,0.074,0.057
0.118,0.152,0.030,195.000,-0.343,0.022,0.039,0.095,0.099
0.118,0.152,0.030,210.000,-11.095,0.023,0.047,0.124,0.148
0.118,0.152,0.030,225.000,-20.642,0.024,0.059,0.165,0.189
0.118,0.152,0.030,240.000,-28.384,0.025,0.075,0.223,0.166
0.118,0.152,0.030,255.000,-33.546,0.022,0.096,0.294,0.001
0.118,0.152,0.030,270.000,-35.377,0.016,0.124,0.365,-0.298
0.118,0.152,0.030,285.000,-33.546,0.009,0.157,0.411,-0.578
0.118,0.152,0.030,300.000,-28.384,0.006,0.192,0.409,-0.683
0.118,0.152,0.030,315.000,-20.642,0.008,0.225,0.351,-0.611
0.118,0.152,0.030,330.000,-11.095,0.011,0.251,0.241,-0.446
0.118,0.152,0.030,345.000,-0.343,0.015,0.265,0.094,-0.254
0.118,0.152,0.030,360.000,11.191,0.019,0.267,-0.074,-0.057
0.119,0.153,0.027,15.000,22.196,0.025,0.257,-0.242,0.149
0.119,0.153,0.027,30.000,34.427,0.035,0.229,-0.404,0.369
0.119,0.153,0.027,45.000,46.589,0.055,0.189,-0.535,0.694
0.119,0.153,0.027,60.000,58.217,0.107,0.140,-0.608,1.388
0.119,0.153,0.027,75.000,68.086,0.202,0.088,-0.566,1.849
0.119,0.153,0.027,90.000,72.602,0.126,0.046,-0.370,0.302
0.119,0.153,0.027,105.000,68.086,-0.020,0.026,-0.148,-1.265
0.119,0.153,0.027,120.000,58.217,0.005,0.021,-0.032,-0.864
0.119,0.153,0.027,135.000,46.589,0.023,0.021,0.012,-0.266
0.119,0.153,0.027,150.000,34.427,0.024,0.023,0.034,-0.066
0.119,0.153,0.027,165.000,22.196,0.022,0.027,0.051,0.007
0.119,0.153,0.027,180.000,10.164,0.021,0.032,0.068,0.052
0.119,0.153,0.027,195.000,-1.423,0.022,0.038,0.089,0.098
0.119,0.153,0.027,210.000,-12.264,0.023,0.046,0.119,0.152
0.119,0.153,0.027,225.000,-21.932,0.024,0.058,0.161,0.200
0.119,0.153,0.027,240.000,-29.809,0.025,0.073,0.220,0.185
0.119,0.153,0.027,255.000,-35.086,0.023,0.094,0.294,0.017
0.119,0.153,0.027,270.000,-36.964,0.016,0.122,0.370,-0.302
0.119,0.153,0.027,285.000,-35.086,0.009,0.156,0.420,-0.600
0.119,0.153,0.027,300.000,-29.809,0.006,0.192,0.420,-0.708
0.119,0.153,0.027,315.000,-21.932,0.007,0.226,0.362,-0.628
0.119,0.153,0.027,330.000,-12.264,0.011,0.253,0.251,-0.454
0.119,0.153,0.027,345.000,-1.423,0.015,0.268,0.102,-0.254
0.119,0.153,0.027,360.000,10.164,0.019,0.270,-0.068,-0.052
0.121,0.155,0.023,15.000,20.514,0.026,0.262,-0.233,0.170
0.121,0.155,0.023,30.000,32.596,0.035,0.235,-0.395,0.407
0.121,0.155,0.023,45.000,44.458,0.054,0.196,-0.523,0.746
0.121,0.155,0.023,60.000,55.532,0.095,0.148,-0.589,1.308
0.121,0.155,0.023,75.000,64.480,0.146,0.098,-0.545,1.513
0.121,0.155,0.023,90.000,68.284,0.093,0.057,-0.376,0.307
0.121,0.155,0.023,105.000,64.480,0.004,0.035,-0.181,-0.919
0.121,0.155,0.023,120.000,55.532,0.008,0.027,-0.062,-0.776
0.121,0.155,0.023,135.000,44.458,0.021,0.025,-0.009,-0.311
0.121,0.155,0.023,150.000,32.596,0.022,0.026,0.019,-0.099
0.121,0.155,0.023,165.000,20.514,0.022,0.028,0.039,-0.011
0.121,0.155,0.023,180.000,8.533,0.021,0.032,0.058,0.043
0.121,0.155,0.023,195.000,-3.076,0.021,0.038,0.080,0.095
0.121,0.155,0.023,210.000,-14.001,0.023,0.046,0.110,0.156
0.121,0.155,0.023,225.000,-23.804,0.025,0.056,0.153,0.216
0.121,0.155,0.023,240.000,-31.848,0.026,0.071,0.215,0.212
0.121,0.155,0.023,255.000,-37.276,0.024,0.092,0.294,0.040
0.121,0.155,0.023,270.000,-39.217,0.016,0.120,0.376,-0.307
0.121,0.155,0.023,285.000,-37.276,0.008,0.155,0.432,-0.634
0.121,0.155,0.023,300.000,-31.848,0.005,0.192,0.436,-0.745
0.121,0.155,0.023,315.000,-23.804,0.007,0.227,0.378,-0.651
0.121,0.155,0.023,330.000,-14.001,0.010,0.255,0.266,-0.464
0.121,0.155,0.023,345.000,-3.076,0.014,0.272,0.115,-0.254
0.121,0.155,0.023,360.000,8.533,0.019,0.274,-0.058,-0.043
0.109,0.157,0.046,15.000,28.416,0.026,0.243,-0.266,0.102
0.109,0.157,0.046,30.000,40.039,0.036,0.215,-0.417,0.267
0.109,0.157,0.046,45.000,51.915,0.054,0.174,-0.545,0.478
0.109,0.157,0.046,60.000,63.822,0.130,0.124,-0.633,1.311
0.109,0.157,0.046,75.000,75.192,0.506,0.068,-0.613,3.040
0.109,0.157,0.046,90.000,82.074,0.647,0.022,-0.339,0.277
0.109,0.157,0.046,105.000,75.192,-0.192,0.012,-0.041,-2.505
0.109,0.157,0.046,120.000,63.822,0.008,0.015,0.047,-0.832
0.109,0.157,0.046,135.000,51.915,0.033,0.020,0.066,-0.086
0.109,0.157,0.046,150.000,40.039,0.028,0.026,0.078,0.010
0.109,0.157,0.046,165.000,28.416,0.025,0.033,0.091,0.041
0.109,0.157,0.046,180.000,17.228,0.023,0.041,0.107,0.065
0.109,0.157,0.046,195.000,6.689,0.022,0.051,0.129,0.089
0.109,0.157,0.046,210.000,-2.921,0.022,0.062,0.158,0.109
0.109,0.157,0.046,225.000,-11.230,0.022,0.077,0.196,0.107
0.109,0.157,0.046,240.000,-17.763,0.021,0.095,0.243,0.052
0.109,0.157,0.046,255.000,-21.989,0.019,0.117,0.294,-0.082
0.109,0.157,0.046,270.000,-23.459,0.015,0.144,0.339,-0.277
0.109,0.157,0.046,285.000,-21.989,0.011,0.174,0.360,-0.452
0.109,0.157,0.046,300.000,-17.763,0.009,0.204,0.344,-0.532
0.109,0.157,0.046,315.000,-11.230,0.010,0.231,0.283,-0.499
0.109,0.157,0.046,330.000,-2.921,0.012,0.251,0.181,-0.386
0.109,0.157,0.046,345.000,6.689,0.015,0.261,0.047,-0.232
0.109,0.157,0.046,360.000,17.228,0.020,0.259,-0.107,-0.065
0.119,0.158,0.030,15.000,22.854,0.026,0.260,-0.246,0.154
0.119,0.158,0.030,30.000,34.739,0.036,0.232,-0.405,0.380
0.119,0.158,0.030,45.000,46.524,0.055,0.192,-0.532,0.714
0.119,0.158,0.030,60.000,57.697,0.104,0.143,-0.599,1.354
0.119,0.158,0.030,75.000,66.984,0.179,0.092,-0.554,1.692
0.119,0.158,0.030,90.000,71.091,0.112,0.051,-0.368,0.301
0.119,0.158,0.030,105.000,66.984,-0.009,0.031,-0.157,-1.111
0.119,0.158,0.030,120.000,57.697,0.007,0.025,-0.038,-0.833
0.119,0.158,0.030,135.000,46.524,0.023,0.025,0.011,-0.288
0.119,0.158,0.030,150.000,34.739,0.024,0.027,0.037,-0.079
0.119,0.158,0.030,165.000,22.854,0.022,0.031,0.055,0.002
0.119,0.158,0.030,180.000,11.166,0.021,0.036,0.074,0.050
0.119,0.158,0.030,195.000,-0.062,0.022,0.043,0.097,0.095
0.119,0.158,0.030,210.000,-10.518,0.022,0.052,0.128,0.143
0.119,0.158,0.030,225.000,-19.777,0.024,0.064,0.171,0.178
0.119,0.158,0.030,240.000,-27.254,0.024,0.081,0.229,0.148
0.119,0.158,0.030,255.000,-32.215,0.021,0.103,0.299,-0.015
0.119,0.158,0.030,270.000,-33.968,0.015,0.131,0.368,-0.301
0.119,0.158,0.030,285.000,-32.215,0.009,0.164,0.412,-0.566
0.119,0.158,0.030,300.000,-27.254,0.007,0.199,0.408,-0.670
0.119,0.158,0.030,315.000,-19.777,0.008,0.232,0.349,-0.604
0.119,0.158,0.030,330.000,-10.518,0.011,0.257,0.240,-0.444
0.119,0.158,0.030,345.000,-0.062,0.015,0.272,0.093,-0.251
0.119,0.158,0.030,360.000,11.166,0.019,0.273,-0.074,-0.050
0.116,0.158,0.036,15.000,24.700,0.026,0.256,-0.254,0.138
0.116,0.158,0.036,30.000,36.508,0.036,0.227,-0.411,0.349
0.116,0.158,0.036,45.000,48.330,0.056,0.187,-0.539,0.666
0.116,0.158,0.036,60.000,59.731,0.114,0.138,-0.611,1.396
0.116,0.158,0.036,75.000,69.555,0.230,0.085,-0.567,1.953
0.116,0.158,0.036,90.000,74.160,0.144,0.043,-0.360,0.295
0.116,0.158,0.036,105.000,69.555,-0.032,0.025,-0.129,-1.384
0.116,0.158,0.036,120.000,59.731,0.005,0.022,-0.013,-0.885
0.116,0.158,0.036,135.000,48.330,0.025,0.023,0.029,-0.249
0.116,0.158,0.036,150.000,36.508,0.025,0.027,0.051,-0.054
0.116,0.158,0.036,165.000,24.700,0.023,0.031,0.068,0.015
0.116,0.158,0.036,180.000,13.170,0.022,0.038,0.086,0.056
0.116,0.158,0.036,195.000,2.168,0.022,0.046,0.109,0.094
0.116,0.158,0.036,210.000,-8.004,0.022,0.056,0.140,0.133
0.116,0.158,0.036,225.000,-16.935,0.023,0.069,0.182,0.153
0.116,0.158,0.036,240.000,-24.077,0.023,0.086,0.236,0.112
0.116,0.158,0.036,255.000,-28.771,0.020,0.108,0.300,-0.043
0.116,0.158,0.036,270.000,-30.420,0.015,0.136,0.360,-0.295
0.116,0.158,0.036,285.000,-28.771,0.010,0.169,0.396,-0.526
0.116,0.158,0.036,300.000,-24.077,0.008,0.202,0.388,-0.622
0.116,0.158,0.036,315.000,-16.935,0.008,0.233,0.328,-0.570
0.116,0.158,0.036,330.000,-8.004,0.011,0.257,0.221,-0.427
0.116,0.158,0.036,345.000,2.168,0.015,0.270,0.078,-0.247
0.116,0.158,0.036,360.000,13.170,0.019,0.270,-0.086,-0.056
0.110,0.159,0.047,15.000,28.381,0.026,0.245,-0.267,0.106
0.110,0.159,0.047,30.000,39.938,0.036,0.216,-0.418,0.277
0.110,0.159,0.047,45.000,51.724,0.055,0.176,-0.545,0.508
0.110,0.159,0.047,60.000,63.486,0.131,0.126,-0.630,1.354
0.110,0.159,0.047,75.000,74.545,0.446,0.071,-0.602,2.815
0.110,0.159,0.047,90.000,80.888,0.422,0.025,-0.340,0.278
0.110,0.159,0.047,105.000,74.545,-0.152,0.014,-0.055,-2.278
0.110,0.159,0.047,120.000,63.486,0.006,0.016,0.041,-0.873
0.110,0.159,0.047,135.000,51.724,0.032,0.021,0.064,-0.115
0.110,0.159,0.047,150.000,39.938,0.028,0.027,0.078,0.001
0.110,0.159,0.047,165.000,28.381,0.024,0.034,0.091,0.038
0.110,0.159,0.047,180.000,17.249,0.023,0.042,0.108,0.064
0.110,0.159,0.047,195.000,6.761,0.022,0.052,0.130,0.088
0.110,0.159,0.047,210.000,-2.803,0.022,0.063,0.159,0.108
0.110,0.159,0.047,225.000,-11.068,0.022,0.078,0.197,0.106
0.110,0.159,0.047,240.000,-17.564,0.021,0.096,0.244,0.050
0.110,0.159,0.047,255.000,-21.764,0.019,0.119,0.296,-0.084
0.110,0.159,0.047,270.000,-23.224,0.015,0.146,0.340,-0.278
0.110,0.159,0.047,285.000,-21.764,0.011,0.176,0.361,-0.453
0.110,0.159,0.047,300.000,-17.564,0.009,0.206,0.345,-0.532
0.110,0.159,0.047,315.000,-11.068,0.010,0.233,0.284,-0.499
0.110,0.159,0.047,330.000,-2.803,0.012,0.253,0.181,-0.386
0.110,0.159,0.047,345.000,6.761,0.015,0.263,0.046,-0.232
0.110,0.159,0.047,360.000,17.249,0.020,0.261,-0.108,-0.064
0.116,0.161,0.038,15.000,25.222,0.026,0.257,-0.257,0.139
0.116,0.161,0.038,30.000,36.848,0.036,0.228,-0.412,0.353
0.116,0.161,0.038,45.000,48.480,0.056,0.188,-0.538,0.674
0.116,0.161,0.038,60.000,59.665,0.113,0.139,-0.607,1.385
0.116,0.161,0.038,75.000,69.225,0.219,0.087,-0.562,1.884
0.116,0.161,0.038,90.000,73.638,0.137,0.045,-0.359,0.293
0.116,0.161,0.038,105.000,69.225,-0.026,0.027,-0.131,-1.317
0.116,0.161,0.038,120.000,59.665,0.005,0.023,-0.014,-0.876
0.116,0.161,0.038,135.000,48.480,0.025,0.025,0.031,-0.259
0.116,0.161,0.038,150.000,36.848,0.025,0.028,0.053,-0.059
0.116,0.161,0.038,165.000,25.222,0.023,0.034,0.071,0.013
0.116,0.161,0.038,180.000,13.879,0.022,0.040,0.090,0.055
0.116,0.161,0.038,195.000,3.074,0.022,0.049,0.114,0.092
0.116,0.161,0.038,210.000,-6.889,0.022,0.059,0.145,0.126
0.116,0.161,0.038,225.000,-15.603,0.023,0.073,0.187,0.141
0.116,0.161,0.038,240.000,-22.541,0.022,0.090,0.241,0.095
0.116,0.161,0.038,255.000,-27.080,0.020,0.113,0.302,-0.056
0.116,0.161,0.038,270.000,-28.669,0.015,0.141,0.359,-0.293
0.116,0.161,0.038,285.000,-27.080,0.010,0.173,0.391,-0.510
0.116,0.161,0.038,300.000,-22.541,0.008,0.206,0.381,-0.603
0.116,0.161,0.038,315.000,-15.603,0.009,0.236,0.320,-0.556
0.116,0.161,0.038,330.000,-6.889,0.011,0.259,0.213,-0.420
0.116,0.161,0.038,345.000,3.074,0.015,0.272,0.072,-0.244
0.116,0.161,0.038,360.000,13.879,0.020,0.271,-0.090,-0.055
0.120,0.162,0.030,15.000,22.165,0.026,0.265,-0.243,0.168
0.120,0.162,0.030,30.000,33.761,0.036,0.238,-0.400,0.407
0.120,0.162,0.030,45.000,45.151,0.054,0.198,-0.523,0.748
0.120,0.162,0.030,60.000,55.747,0.094,0.151,-0.583,1.281
0.120,0.162,0.030,75.000,64.222,0.141,0.101,-0.537,1.442
0.120,0.162,0.030,90.000,67.774,0.090,0.061,-0.371,0.304
0.120,0.162,0.030,105.000,64.222,0.007,0.039,-0.180,-0.856
0.120,0.162,0.030,120.000,55.747,0.009,0.031,-0.059,-0.756
0.120,0.162,0.030,135.000,45.151,0.021,0.029,-0.002,-0.318
0.120,0.162,0.030,150.000,33.761,0.023,0.031,0.028,-0.104
0.120,0.162,0.030,165.000,22.165,0.022,0.034,0.050,-0.011
0.120,0.162,0.030,180.000,10.705,0.021,0.039,0.072,0.044
0.120,0.162,0.030,195.000,-0.330,0.021,0.046,0.096,0.092
0.120,0.162,0.030,210.000,-10.615,0.022,0.055,0.129,0.141
0.120,0.162,0.030,225.000,-19.722,0.024,0.068,0.173,0.175
0.120,0.162,0.030,240.000,-27.068,0.024,0.084,0.232,0.143
0.120,0.162,0.030,255.000,-31.936,0.021,0.106,0.302,-0.021
0.120,0.162,0.030,270.000,-33.654,0.015,0.134,0.371,-0.304
0.120,0.162,0.030,285.000,-31.936,0.009,0.168,0.415,-0.566
0.120,0.162,0.030,300.000,-27.068,0.007,0.204,0.411,-0.669
0.120,0.162,0.030,315.000,-19.722,0.008,0.237,0.352,-0.604
0.120,0.162,0.030,330.000,-10.615,0.011,0.262,0.242,-0.444
0.120,0.162,0.030,345.000,-0.330,0.015,0.277,0.096,-0.249
0.120,0.162,0.030,360.000,10.705,0.019,0.278,-0.072,-0.044
0.117,0.162,0.036,15.000,24.231,0.026,0.260,-0.253,0.150
0.117,0.162,0.036,30.000,35.813,0.036,0.232,-0.408,0.375
0.117,0.162,0.036,45.000,47.322,0.056,0.192,-0.533,0.710
0.117,0.162,0.036,60.000,58.245,0.106,0.143,-0.598,1.349
0.117,0.162,0.036,75.000,67.322,0.182,0.093,-0.551,1.682
0.117,0.162,0.036,90.000,71.328,0.113,0.052,-0.363,0.297
0.117,0.162,0.036,105.000,67.322,-0.009,0.032,-0.151,-1.108
0.117,0.162,0.036,120.000,58.245,0.007,0.026,-0.031,-0.834
0.117,0.162,0.036,135.000,47.322,0.023,0.027,0.019,-0.289
0.117,0.162,0.036,150.000,35.813,0.024,0.030,0.045,-0.078
0.117,0.162,0.036,165.000,24.231,0.023,0.034,0.065,0.004
0.117,0.162,0.036,180.000,12.880,0.022,0.040,0.085,0.051
0.117,0.162,0.036,195.000,2.029,0.022,0.048,0.109,0.092
0.117,0.162,0.036,210.000,-8.008,0.022,0.059,0.141,0.131
0.117,0.162,0.036,225.000,-16.820,0.023,0.072,0.184,0.151
0.117,0.162,0.036,240.000,-23.859,0.023,0.089,0.239,0.107
0.117,0.162,0.036,255.000,-28.481,0.020,0.112,0.303,-0.048
0.117,0.162,0.036,270.000,-30.102,0.015,0.140,0.363,-0.297
0.117,0.162,0.036,285.000,-28.481,0.010,0.172,0.399,-0.526
0.117,0.162,0.036,300.000,-23.859,0.008,0.206,0.391,-0.622
0.117,0.162,0.036,315.000,-16.820,0.008,0.237,0.330,-0.571
0.117,0.162,0.036,330.000,-8.008,0.011,0.261,0.223,-0.428
0.117,0.162,0.036,345.000,2.029,0.015,0.274,0.079,-0.246
0.117,0.162,0.036,360.000,12.880,0.020,0.274,-0.085,-0.051
0.118,0.162,0.034,15.000,23.478,0.026,0.263,-0.249,0.158
0.118,0.162,0.034,30.000,35.035,0.036,0.235,-0.405,0.390
0.118,0.162,0.034,45.000,46.463,0.055,0.195,-0.529,0.729
0.118,0.162,0.034,60.000,57.213,0.101,0.147,-0.591,1.319
0.118,0.162,0.034,75.000,65.987,0.161,0.096,-0.544,1.565
0.118,0.162,0.034,90.000,69.763,0.102,0.056,-0.366,0.300
0.118,0.162,0.034,105.000,65.987,-0.000,0.035,-0.164,-0.986
0.118,0.162,0.034,120.000,57.213,0.008,0.029,-0.043,-0.800
0.118,0.162,0.034,135.000,46.463,0.022,0.028,0.010,-0.305
0.118,0.162,0.034,150.000,35.035,0.023,0.030,0.039,-0.090
0.118,0.162,0.034,165.000,23.478,0.022,0.035,0.060,-0.003
0.118,0.162,0.034,180.000,12.115,0.022,0.040,0.080,0.048
0.118,0.162,0.034,195.000,1.224,0.022,0.048,0.105,0.092
0.118,0.162,0.034,210.000,-8.877,0.022,0.058,0.137,0.134
0.118,0.162,0.034,225.000,-17.769,0.023,0.071,0.180,0.158
0.118,0.162,0.034,240.000,-24.893,0.023,0.088,0.237,0.118
0.118,0.162,0.034,255.000,-29.584,0.020,0.110,0.303,-0.040
0.118,0.162,0.034,270.000,-31.233,0.015,0.139,0.366,-0.300
0.118,0.162,0.034,285.000,-29.584,0.010,0.171,0.405,-0.539
0.118,0.162,0.034,300.000,-24.893,0.007,0.206,0.398,-0.637
0.118,0.162,0.034,315.000,-17.769,0.008,0.238,0.338,-0.582
0.118,0.162,0.034,330.000,-8.877,0.011,0.262,0.229,-0.433
0.118,0.162,0.034,345.000,1.224,0.015,0.276,0.085,-0.247
0.118,0.162,0.034,360.000,12.115,0.020,0.276,-0.080,-0.048
0.114,0.163,0.044,15.000,26.645,0.026,0.255,-0.263,0.131
0.114,0.163,0.044,30.000,38.092,0.036,0.226,-0.416,0.336
0.114,0.163,0.044,45.000,49.604,0.057,0.186,-0.540,0.647
0.114,0.163,0.044,60.000,60.760,0.118,0.136,-0.611,1.395
0.114,0.163,0.044,75.000,70.451,0.248,0.084,-0.565,2.005
0.114,0.163,0.044,90.000,75.051,0.157,0.042,-0.353,0.288
0.114,0.163,0.044,105.000,70.451,-0.039,0.025,-0.116,-1.448
0.114,0.163,0.044,120.000,60.760,0.004,0.023,0.000,-0.895
0.114,0.163,0.044,135.000,49.604,0.026,0.025,0.042,-0.240
0.114,0.163,0.044,150.000,38.092,0.026,0.030,0.063,-0.048
0.114,0.163,0.044,165.000,26.645,0.024,0.036,0.081,0.018
0.114,0.163,0.044,180.000,15.527,0.022,0.043,0.100,0.056
0.114,0.163,0.044,195.000,4.986,0.022,0.052,0.124,0.089
0.114,0.163,0.044,210.000,-4.677,0.022,0.064,0.155,0.116
0.114,0.163,0.044,225.000,-13.073,0.022,0.078,0.195,0.120
0.114,0.163,0.044,240.000,-19.706,0.021,0.096,0.246,0.067
0.114,0.163,0.044,255.000,-24.015,0.019,0.119,0.303,-0.076
0.114,0.163,0.044,270.000,-25.516,0.015,0.147,0.353,-0.288
0.114,0.163,0.044,285.000,-24.015,0.010,0.178,0.378,-0.481
0.114,0.163,0.044,300.000,-19.706,0.009,0.210,0.364,-0.566
0.114,0.163,0.044,315.000,-13.073,0.009,0.239,0.303,-0.528
0.114,0.163,0.044,330.000,-4.677,0.011,0.260,0.198,-0.404
0.114,0.163,0.044,345.000,4.986,0.015,0.272,0.059,-0.238
0.114,0.163,0.044,360.000,15.527,0.020,0.270,-0.100,-0.056
0.116,0.163,0.040,15.000,25.391,0.026,0.259,-0.258,0.143
0.116,0.163,0.040,30.000,36.848,0.036,0.230,-0.412,0.362
0.116,0.163,0.040,45.000,48.284,0.057,0.190,-0.536,0.692
0.116,0.163,0.040,60.000,59.211,0.110,0.141,-0.602,1.364
0.116,0.163,0.040,75.000,68.410,0.200,0.090,-0.554,1.769
0.116,0.163,0.040,90.000,72.552,0.125,0.049,-0.359,0.293
0.116,0.163,0.040,105.000,68.410,-0.016,0.030,-0.139,-1.202
0.116,0.163,0.040,120.000,59.211,0.006,0.026,-0.020,-0.856
0.116,0.163,0.040,135.000,48.284,0.024,0.027,0.028,-0.277
0.116,0.163,0.040,150.000,36.848,0.025,0.030,0.053,-0.069
0.116,0.163,0.040,165.000,25.391,0.023,0.036,0.073,0.008
0.116,0.163,0.040,180.000,14.205,0.022,0.043,0.093,0.053
0.116,0.163,0.040,195.000,3.555,0.022,0.051,0.117,0.090
0.116,0.163,0.040,210.000,-6.252,0.022,0.062,0.149,0.122
0.116,0.163,0.040,225.000,-14.812,0.022,0.076,0.191,0.133
0.116,0.163,0.040,240.000,-21.608,0.022,0.094,0.244,0.084
0.116,0.163,0.040,255.000,-26.043,0.019,0.117,0.304,-0.065
0.116,0.163,0.040,270.000,-27.593,0.015,0.144,0.359,-0.293
0.116,0.163,0.040,285.000,-26.043,0.010,0.176,0.389,-0.502
0.116,0.163,0.040,300.000,-21.608,0.008,0.209,0.377,-0.592
0.116,0.163,0.040,315.000,-14.812,0.009,0.239,0.317,-0.548
0.116,0.163,0.040,330.000,-6.252,0.011,0.262,0.210,-0.416
0.116,0.163,0.040,345.000,3.555,0.015,0.274,0.069,-0.241
0.116,0.163,0.040,360.000,14.205,0.020,0.274,-0.093,-0.053
0.115,0.163,0.041,15.000,25.730,0.026,0.258,-0.260,0.140
0.115,0.163,0.041,30.000,37.178,0.036,0.229,-0.413,0.356
0.115,0.163,0.041,45.000,48.626,0.057,0.189,-0.537,0.682
0.115,0.163,0.041,60.000,59.602,0.112,0.140,-0.604,1.373
0.115,0.163,0.041,75.000,68.910,0.210,0.088,-0.556,1.820
0.115,0.163,0.041,90.000,73.148,0.131,0.047,-0.357,0.292
0.115,0.163,0.041,105.000,68.910,-0.021,0.029,-0.134,-1.256
0.115,0.163,0.041,120.000,59.602,0.005,0.025,-0.015,-0.867
0.115,0.163,0.041,135.000,48.626,0.024,0.026,0.032,-0.269
0.115,0.163,0.041,150.000,37.178,0.025,0.030,0.056,-0.064
0.115,0.163,0.041,165.000,25.730,0.023,0.036,0.075,0.011
0.115,0.163,0.041,180.000,14.568,0.022,0.043,0.095,0.053
0.115,0.163,0.041,195.000,3.953,0.022,0.052,0.119,0.089
0.115,0.163,0.041,210.000,-5.810,0.022,0.063,0.151,0.120
0.115,0.163,0.041,225.000,-14.320,0.022,0.077,0.192,0.130
0.115,0.163,0.041,240.000,-21.067,0.022,0.095,0.245,0.079
0.115,0.163,0.041,255.000,-25.464,0.019,0.117,0.304,-0.068
0.115,0.163,0.041,270.000,-27.000,0.015,0.145,0.357,-0.292
0.115,0.163,0.041,285.000,-25.464,0.010,0.177,0.386,-0.496
0.115,0.163,0.041,300.000,-21.067,0.008,0.210,0.374,-0.585
0.115,0.163,0.041,315.000,-14.320,0.009,0.239,0.313,-0.543
0.115,0.163,0.041,330.000,-5.810,0.011,0.262,0.207,-0.412
0.115,0.163,0.041,345.000,3.953,0.015,0.274,0.066,-0.240
0.115,0.163,0.041,360.000,14.568,0.020,0.273,-0.095,-0.053
0.120,0.164,0.030,15.000,21.739,0.026,0.268,-0.240,0.175
0.120,0.164,0.030,30.000,33.189,0.036,0.241,-0.396,0.420
0.120,0.164,0.030,45.000,44.379,0.054,0.202,-0.517,0.758
0.120,0.164,0.030,60.000,54.691,0.090,0.155,-0.575,1.242
0.120,0.164,0.030,75.000,62.794,0.126,0.106,-0.530,1.339
0.120,0.164,0.030,90.000,66.117,0.082,0.066,-0.373,0.305
0.120,0.164,0.030,105.000,62.794,0.013,0.044,-0.190,-0.750
0.120,0.164,0.030,120.000,54.691,0.011,0.035,-0.070,-0.714
0.120,0.164,0.030,135.000,44.379,0.020,0.032,-0.010,-0.327
0.120,0.164,0.030,150.000,33.189,0.022,0.033,0.024,-0.115
0.120,0.164,0.030,165.000,21.739,0.022,0.036,0.047,-0.018
0.120,0.164,0.030,180.000,10.395,0.021,0.041,0.070,0.040
0.120,0.164,0.030,195.000,-0.546,0.021,0.048,0.095,0.090
0.120,0.164,0.030,210.000,-10.751,0.022,0.057,0.128,0.140
0.120,0.164,0.030,225.000,-19.789,0.024,0.069,0.173,0.174
0.120,0.164,0.030,240.000,-27.077,0.024,0.086,0.232,0.141
0.120,0.164,0.030,255.000,-31.905,0.021,0.108,0.304,-0.023
0.120,0.164,0.030,270.000,-33.609,0.015,0.136,0.373,-0.305
0.120,0.164,0.030,285.000,-31.905,0.009,0.170,0.416,-0.566
0.120,0.164,0.030,300.000,-27.077,0.007,0.206,0.413,-0.669
0.120,0.164,0.030,315.000,-19.789,0.008,0.239,0.354,-0.605
0.120,0.164,0.030,330.000,-10.751,0.011,0.265,0.244,-0.445
0.120,0.164,0.030,345.000,-0.546,0.015,0.279,0.098,-0.248
0.120,0.164,0.030,360.000,10.395,0.019,0.281,-0.070,-0.040
0.119,0.164,0.033,15.000,22.704,0.026,0.266,-0.246,0.169
0.119,0.164,0.033,30.000,34.123,0.036,0.239,-0.401,0.409
0.119,0.164,0.033,45.000,45.337,0.055,0.199,-0.522,0.749
0.119,0.164,0.033,60.000,55.748,0.094,0.152,-0.581,1.269
0.119,0.164,0.033,75.000,64.034,0.137,0.103,-0.534,1.411
0.119,0.164,0.033,90.000,67.485,0.088,0.063,-0.370,0.302
0.119,0.164,0.033,105.000,64.034,0.009,0.041,-0.180,-0.827
0.119,0.164,0.033,120.000,55.748,0.010,0.033,-0.059,-0.745
0.119,0.164,0.033,135.000,45.337,0.021,0.031,-0.001,-0.321
0.119,0.164,0.033,150.000,34.123,0.023,0.033,0.031,-0.107
0.119,0.164,0.033,165.000,22.704,0.022,0.036,0.054,-0.012
0.119,0.164,0.033,180.000,11.430,0.021,0.042,0.076,0.043
0.119,0.164,0.033,195.000,0.594,0.021,0.049,0.102,0.090
0.119,0.164,0.033,210.000,-9.476,0.022,0.059,0.135,0.135
0.119,0.164,0.033,225.000,-18.356,0.023,0.072,0.179,0.161
0.119,0.164,0.033,240.000,-25.482,0.023,0.089,0.237,0.123
0.119,0.164,0.033,255.000,-30.180,0.021,0.111,0.305,-0.037
0.119,0.164,0.033,270.000,-31.833,0.015,0.139,0.370,-0.302
0.119,0.164,0.033,285.000,-30.180,0.009,0.173,0.409,-0.547
0.119,0.164,0.033,300.000,-25.482,0.007,0.208,0.403,-0.646
0.119,0.164,0.033,315.000,-18.356,0.008,0.240,0.344,-0.589
0.119,0.164,0.033,330.000,-9.476,0.011,0.265,0.235,-0.437
0.119,0.164,0.033,345.000,0.594,0.015,0.279,0.090,-0.246
0.119,0.164,0.033,360.000,11.430,0.020,0.280,-0.076,-0.043
0.118,0.166,0.037,15.000,24.037,0.026,0.265,-0.252,0.161
0.118,0.166,0.037,30.000,35.349,0.036,0.237,-0.406,0.395
0.118,0.166,0.037,45.000,46.518,0.056,0.197,-0.527,0.735
0.118,0.166,0.037,60.000,56.973,0.099,0.149,-0.586,1.295
0.118,0.166,0.037,75.000,65.415,0.152,0.099,-0.538,1.492
0.118,0.166,0.037,90.000,68.993,0.097,0.059,-0.365,0.298
0.118,0.166,0.037,105.000,65.415,0.004,0.038,-0.167,-0.915
0.118,0.166,0.037,120.000,56.973,0.009,0.031,-0.046,-0.778
0.118,0.166,0.037,135.000,46.518,0.022,0.031,0.011,-0.313
0.118,0.166,0.037,150.000,35.349,0.023,0.033,0.041,-0.097
0.118,0.166,0.037,165.000,24.037,0.022,0.038,0.063,-0.006
0.118,0.166,0.037,180.000,12.919,0.022,0.044,0.085,0.046
0.118,0.166,0.037,195.000,2.282,0.021,0.052,0.111,0.088
0.118,0.166,0.037,210.000,-7.552,0.022,0.062,0.144,0.126
0.118,0.166,0.037,225.000,-16.168,0.023,0.076,0.187,0.143
0.118,0.166,0.037,240.000,-23.035,0.022,0.094,0.243,0.096
0.118,0.166,0.037,255.000,-27.530,0.020,0.116,0.306,-0.057
0.118,0.166,0.037,270.000,-29.105,0.015,0.145,0.365,-0.298
0.118,0.166,0.037,285.000,-27.530,0.010,0.177,0.399,-0.519
0.118,0.166,0.037,300.000,-23.035,0.008,0.211,0.389,-0.613
0.118,0.166,0.037,315.000,-16.168,0.008,0.242,0.329,-0.565
0.118,0.166,0.037,330.000,-7.552,0.011,0.266,0.221,-0.424
0.118,0.166,0.037,345.000,2.282,0.015,0.279,0.078,-0.243
0.118,0.166,0.037,360.000,12.919,0.020,0.279,-0.085,-0.046
0.112,0.166,0.049,15.000,27.826,0.027,0.255,-0.269,0.129
0.112,0.166,0.049,30.000,39.015,0.037,0.226,-0.418,0.333
0.112,0.166,0.049,45.000,50.287,0.058,0.185,-0.540,0.643
0.112,0.166,0.049,60.000,61.220,0.120,0.136,-0.609,1.389
0.112,0.166,0.049,75.000,70.713,0.252,0.084,-0.561,1.992
0.112,0.166,0.049,90.000,75.210,0.160,0.042,-0.348,0.284
0.112,0.166,0.049,105.000,70.713,-0.039,0.026,-0.111,-1.443
0.112,0.166,0.049,120.000,61.220,0.004,0.024,0.006,-0.896
0.112,0.166,0.049,135.000,50.287,0.026,0.027,0.048,-0.241
0.112,0.166,0.049,150.000,39.015,0.026,0.032,0.071,-0.048
0.112,0.166,0.049,165.000,27.826,0.024,0.039,0.089,0.018
0.112,0.166,0.049,180.000,16.988,0.022,0.047,0.108,0.055
0.112,0.166,0.049,195.000,6.750,0.022,0.057,0.132,0.084
0.112,0.166,0.049,210.000,-2.590,0.022,0.069,0.164,0.104
0.112,0.166,0.049,225.000,-10.656,0.022,0.084,0.204,0.101
0.112,0.166,0.049,240.000,-16.986,0.021,0.103,0.252,0.043
0.112,0.166,0.049,255.000,-21.072,0.018,0.126,0.304,-0.093
0.112,0.166,0.049,270.000,-22.490,0.014,0.153,0.348,-0.284
0.112,0.166,0.049,285.000,-21.072,0.011,0.184,0.368,-0.457
0.112,0.166,0.049,300.000,-16.986,0.009,0.215,0.351,-0.536
0.112,0.166,0.049,315.000,-10.656,0.010,0.242,0.288,-0.503
0.112,0.166,0.049,330.000,-2.590,0.012,0.263,0.184,-0.389
0.112,0.166,0.049,345.000,6.750,0.015,0.273,0.048,-0.231
0.112,0.166,0.049,360.000,16.988,0.020,0.271,-0.108,-0.055
0.119,0.167,0.035,15.000,23.229,0.026,0.267,-0.248,0.169
0.119,0.167,0.035,30.000,34.476,0.036,0.240,-0.402,0.410
0.119,0.167,0.035,45.000,45.518,0.055,0.200,-0.522,0.750
0.119,0.167,0.035,60.000,55.748,0.093,0.153,-0.578,1.256
0.119,0.167,0.035,75.000,63.854,0.135,0.104,-0.531,1.380
0.119,0.167,0.035,90.000,67.209,0.087,0.064,-0.368,0.301
0.119,0.167,0.035,105.000,63.854,0.010,0.043,-0.180,-0.799
0.119,0.167,0.035,120.000,55.748,0.010,0.034,-0.059,-0.735
0.119,0.167,0.035,135.000,45.518,0.021,0.033,0.001,-0.324
0.119,0.167,0.035,150.000,34.476,0.023,0.035,0.034,-0.109
0.119,0.167,0.035,165.000,23.229,0.022,0.039,0.058,-0.013
0.119,0.167,0.035,180.000,12.135,0.021,0.044,0.081,0.042
0.119,0.167,0.035,195.000,1.490,0.021,0.052,0.107,0.088
0.119,0.167,0.035,210.000,-8.375,0.022,0.062,0.141,0.129
0.119,0.167,0.035,225.000,-17.040,0.023,0.075,0.185,0.149
0.119,0.167,0.035,240.000,-23.963,0.023,0.093,0.241,0.105
0.119,0.167,0.035,255.000,-28.506,0.020,0.116,0.307,-0.051
0.119,0.167,0.035,270.000,-30.099,0.015,0.144,0.368,-0.301
0.119,0.167,0.035,285.000,-28.506,0.010,0.177,0.404,-0.530
0.119,0.167,0.035,300.000,-23.963,0.007,0.211,0.396,-0.626
0.119,0.167,0.035,315.000,-17.040,0.008,0.243,0.336,-0.574
0.119,0.167,0.035,330.000,-8.375,0.011,0.267,0.228,-0.430
0.119,0.167,0.035,345.000,1.490,0.015,0.281,0.084,-0.243
0.119,0.167,0.035,360.000,12.135,0.020,0.281,-0.081,-0.042
0.120,0.167,0.033,15.000,22.322,0.026,0.270,-0.244,0.177
0.120,0.167,0.033,30.000,33.531,0.036,0.243,-0.397,0.423
0.120,0.167,0.033,45.000,44.475,0.054,0.204,-0.516,0.760
0.120,0.167,0.033,60.000,54.519,0.088,0.157,-0.571,1.220
0.120,0.167,0.033,75.000,62.350,0.121,0.108,-0.525,1.290
0.120,0.167,0.033,90.000,65.530,0.079,0.069,-0.371,0.304
0.120,0.167,0.033,105.000,62.350,0.015,0.047,-0.192,-0.704
0.120,0.167,0.033,120.000,54.519,0.011,0.037,-0.071,-0.694
0.120,0.167,0.033,135.000,44.475,0.020,0.035,-0.009,-0.330
0.120,0.167,0.033,150.000,33.531,0.022,0.036,0.026,-0.119
0.120,0.167,0.033,165.000,22.322,0.022,0.039,0.052,-0.020
0.120,0.167,0.033,180.000,11.222,0.021,0.044,0.075,0.039
0.120,0.167,0.033,195.000,0.539,0.021,0.052,0.102,0.087
0.120,0.167,0.033,210.000,-9.391,0.022,0.061,0.136,0.132
0.120,0.167,0.033,225.000,-18.142,0.023,0.074,0.181,0.157
0.120,0.167,0.033,240.000,-25.156,0.023,0.091,0.239,0.117
0.120,0.167,0.033,255.000,-29.774,0.020,0.114,0.307,-0.043
0.120,0.167,0.033,270.000,-31.397,0.015,0.143,0.371,-0.304
0.120,0.167,0.033,285.000,-29.774,0.010,0.176,0.410,-0.544
0.120,0.167,0.033,300.000,-25.156,0.007,0.211,0.404,-0.642
0.120,0.167,0.033,315.000,-18.142,0.008,0.243,0.344,-0.587
0.120,0.167,0.033,330.000,-9.391,0.011,0.268,0.235,-0.436
0.120,0.167,0.033,345.000,0.539,0.015,0.282,0.090,-0.244
0.120,0.167,0.033,360.000,11.222,0.020,0.283,-0.075,-0.039
0.116,0.169,0.044,15.000,25.740,0.026,0.264,-0.261,0.154
0.116,0.169,0.044,30.000,36.806,0.037,0.235,-0.411,0.383
0.116,0.169,0.044,45.000,47.787,0.057,0.195,-0.530,0.722
0.116,0.169,0.044,60.000,58.132,0.103,0.147,-0.589,1.309
0.116,0.169,0.044,75.000,66.569,0.165,0.097,-0.538,1.548
0.116,0.169,0.044,90.000,70.191,0.104,0.057,-0.359,0.293
0.116,0.169,0.044,105.000,66.569,-0.000,0.037,-0.155,-0.981
0.116,0.169,0.044,120.000,58.132,0.008,0.031,-0.033,-0.801
0.116,0.169,0.044,135.000,47.787,0.023,0.032,0.023,-0.307
0.116,0.169,0.044,150.000,36.806,0.024,0.035,0.053,-0.090
0.116,0.169,0.044,165.000,25.740,0.023,0.041,0.075,-0.002
0.116,0.169,0.044,180.000,14.916,0.022,0.048,0.097,0.046
0.116,0.169,0.044,195.000,4.618,0.022,0.057,0.123,0.084
0.116,0.169,0.044,210.000,-4.837,0.022,0.068,0.156,0.112
0.116,0.169,0.044,225.000,-13.054,0.022,0.083,0.199,0.117
0.116,0.169,0.044,240.000,-19.540,0.021,0.102,0.251,0.062
0.116,0.169,0.044,255.000,-23.750,0.019,0.125,0.308,-0.082
0.116,0.169,0.044,270.000,-25.216,0.015,0.153,0.359,-0.293
0.116,0.169,0.044,285.000,-23.750,0.010,0.185,0.385,-0.485
0.116,0.169,0.044,300.000,-19.540,0.008,0.217,0.370,-0.570
0.116,0.169,0.044,315.000,-13.054,0.009,0.246,0.308,-0.531
0.116,0.169,0.044,330.000,-4.837,0.011,0.268,0.202,-0.406
0.116,0.169,0.044,345.000,4.618,0.015,0.280,0.062,-0.236
0.116,0.169,0.044,360.000,14.916,0.020,0.279,-0.097,-0.046
0.117,0.170,0.042,15.000,25.007,0.026,0.266,-0.257,0.161
0.117,0.170,0.042,30.000,36.050,0.037,0.238,-0.408,0.396
0.117,0.170,0.042,45.000,46.957,0.056,0.198,-0.526,0.736
0.117,0.170,0.042,60.000,57.148,0.099,0.150,-0.583,1.280
0.117,0.170,0.042,75.000,65.331,0.149,0.101,-0.533,1.453
0.117,0.170,0.042,90.000,68.773,0.095,0.061,-0.362,0.296
0.117,0.170,0.042,105.000,65.331,0.006,0.041,-0.166,-0.882
0.117,0.170,0.042,120.000,57.148,0.009,0.034,-0.044,-0.768
0.117,0.170,0.042,135.000,46.957,0.022,0.033,0.015,-0.318
0.117,0.170,0.042,150.000,36.050,0.023,0.036,0.047,-0.100
0.117,0.170,0.042,165.000,25.007,0.023,0.041,0.070,-0.008
0.117,0.170,0.042,180.000,14.172,0.022,0.048,0.093,0.044
0.117,0.170,0.042,195.000,3.839,0.021,0.057,0.120,0.084
0.117,0.170,0.042,210.000,-5.671,0.022,0.068,0.153,0.115
0.117,0.170,0.042,225.000,-13.955,0.022,0.082,0.196,0.123
0.117,0.170,0.042,240.000,-20.511,0.022,0.101,0.250,0.070
0.117,0.170,0.042,255.000,-24.775,0.019,0.124,0.309,-0.077
0.117,0.170,0.042,270.000,-26.262,0.015,0.152,0.362,-0.296
0.117,0.170,0.042,285.000,-24.775,0.010,0.184,0.390,-0.495
0.117,0.170,0.042,300.000,-20.511,0.008,0.217,0.377,-0.582
0.117,0.170,0.042,315.000,-13.955,0.009,0.247,0.315,-0.541
0.117,0.170,0.042,330.000,-5.671,0.011,0.270,0.209,-0.411
0.117,0.170,0.042,345.000,3.839,0.015,0.282,0.068,-0.237
0.117,0.170,0.042,360.000,14.172,0.020,0.281,-0.093,-0.044
0.119,0.171,0.036,15.000,22.883,0.026,0.272,-0.247,0.179
0.119,0.171,0.036,30.000,33.861,0.036,0.245,-0.398,0.426
0.119,0.171,0.036,45.000,44.566,0.054,0.206,-0.515,0.760
0.119,0.171,0.036,60.000,54.356,0.087,0.159,-0.568,1.199
0.119,0.171,0.036,75.000,61.930,0.117,0.111,-0.520,1.246
0.119,0.171,0.036,90.000,64.980,0.077,0.072,-0.370,0.302
0.119,0.171,0.036,105.000,61.930,0.017,0.049,-0.194,-0.662
0.119,0.171,0.036,120.000,54.356,0.012,0.040,-0.073,-0.675
0.119,0.171,0.036,135.000,44.566,0.020,0.037,-0.008,-0.333
0.119,0.171,0.036,150.000,33.861,0.022,0.039,0.029,-0.124
0.119,0.171,0.036,165.000,22.883,0.022,0.042,0.055,-0.023
0.119,0.171,0.036,180.000,12.018,0.021,0.048,0.080,0.037
0.119,0.171,0.036,195.000,1.580,0.021,0.055,0.108,0.084
0.119,0.171,0.036,210.000,-8.092,0.022,0.066,0.143,0.124
0.119,0.171,0.036,225.000,-16.578,0.023,0.079,0.188,0.142
0.119,0.171,0.036,240.000,-23.343,0.022,0.097,0.245,0.095
0.119,0.171,0.036,255.000,-27.772,0.020,0.120,0.310,-0.059
0.119,0.171,0.036,270.000,-29.323,0.015,0.149,0.370,-0.302
0.119,0.171,0.036,285.000,-27.772,0.010,0.182,0.404,-0.524
0.119,0.171,0.036,300.000,-23.343,0.008,0.216,0.395,-0.619
0.119,0.171,0.036,315.000,-16.578,0.008,0.248,0.335,-0.569
0.119,0.171,0.036,330.000,-8.092,0.011,0.272,0.227,-0.427
0.119,0.171,0.036,345.000,1.580,0.015,0.285,0.083,-0.240
0.119,0.171,0.036,360.000,12.018,0.020,0.286,-0.080,-0.037
0.118,0.171,0.038,15.000,23.813,0.026,0.270,-0.252,0.173
0.118,0.171,0.038,30.000,34.762,0.037,0.243,-0.403,0.417
0.118,0.171,0.038,45.000,45.487,0.055,0.203,-0.519,0.754
0.118,0.171,0.038,60.000,55.361,0.091,0.156,-0.572,1.224
0.118,0.171,0.038,75.000,63.087,0.126,0.108,-0.524,1.304
0.118,0.171,0.038,90.000,66.235,0.082,0.069,-0.366,0.300
0.118,0.171,0.038,105.000,63.087,0.014,0.047,-0.184,-0.725
0.118,0.171,0.038,120.000,55.361,0.011,0.038,-0.063,-0.705
0.118,0.171,0.038,135.000,45.487,0.021,0.036,0.001,-0.330
0.118,0.171,0.038,150.000,34.762,0.023,0.038,0.036,-0.117
0.118,0.171,0.038,165.000,23.813,0.022,0.042,0.062,-0.018
0.118,0.171,0.038,180.000,13.011,0.021,0.049,0.086,0.039
0.118,0.171,0.038,195.000,2.668,0.021,0.057,0.114,0.083
0.118,0.171,0.038,210.000,-6.885,0.022,0.068,0.148,0.119
0.118,0.171,0.038,225.000,-15.236,0.022,0.082,0.193,0.131
0.118,0.171,0.038,240.000,-21.868,0.022,0.100,0.248,0.081
0.118,0.171,0.038,255.000,-26.193,0.019,0.123,0.310,-0.070
0.118,0.171,0.038,270.000,-27.705,0.015,0.151,0.366,-0.300
0.118,0.171,0.038,285.000,-26.193,0.010,0.184,0.398,-0.509
0.118,0.171,0.038,300.000,-21.868,0.008,0.218,0.387,-0.600
0.118,0.171,0.038,315.000,-15.236,0.009,0.248,0.326,-0.555
0.118,0.171,0.038,330.000,-6.885,0.011,0.272,0.218,-0.419
0.118,0.171,0.038,345.000,2.668,0.015,0.285,0.076,-0.238
0.118,0.171,0.038,360.000,13.011,0.020,0.285,-0.086,-0.039
0.114,0.172,0.050,15.000,27.296,0.027,0.262,-0.268,0.148
0.114,0.172,0.050,30.000,38.151,0.037,0.234,-0.416,0.371
0.114,0.172,0.050,45.000,48.973,0.058,0.193,-0.533,0.706
0.114,0.172,0.050,60.000,59.234,0.108,0.145,-0.591,1.323
0.114,0.172,0.050,75.000,67.697,0.181,0.095,-0.539,1.612
0.114,0.172,0.050,90.000,71.383,0.113,0.055,-0.353,0.288
0.114,0.172,0.050,105.000,67.697,-0.005,0.036,-0.142,-1.055
0.114,0.172,0.050,120.000,59.234,0.007,0.031,-0.020,-0.824
0.114,0.172,0.050,135.000,48.973,0.023,0.033,0.034,-0.299
0.114,0.172,0.050,150.000,38.151,0.025,0.037,0.063,-0.083
0.114,0.172,0.050,165.000,27.296,0.023,0.043,0.086,0.002
0.114,0.172,0.050,180.000,16.726,0.022,0.051,0.108,0.047
0.114,0.172,0.050,195.000,6.719,0.022,0.061,0.134,0.079
0.114,0.172,0.050,210.000,-2.416,0.022,0.074,0.167,0.100
0.114,0.172,0.050,225.000,-10.301,0.021,0.089,0.208,0.095
0.114,0.172,0.050,240.000,-16.480,0.021,0.108,0.257,0.036
0.114,0.172,0.050,255.000,-20.463,0.018,0.132,0.309,-0.099
0.114,0.172,0.050,270.000,-21.845,0.014,0.160,0.353,-0.288
0.114,0.172,0.050,285.000,-20.463,0.011,0.191,0.372,-0.457
0.114,0.172,0.050,300.000,-16.480,0.009,0.222,0.354,-0.535
0.114,0.172,0.050,315.000,-10.301,0.010,0.249,0.291,-0.503
0.114,0.172,0.050,330.000,-2.416,0.012,0.270,0.186,-0.388
0.114,0.172,0.050,345.000,6.719,0.015,0.280,0.048,-0.228
0.114,0.172,0.050,360.000,16.726,0.020,0.278,-0.108,-0.047
0.115,0.175,0.048,15.000,26.383,0.027,0.268,-0.264,0.161
0.115,0.175,0.048,30.000,37.075,0.037,0.239,-0.412,0.396
0.115,0.175,0.048,45.000,47.643,0.057,0.199,-0.526,0.735
0.115,0.175,0.048,60.000,57.500,0.099,0.152,-0.579,1.263
0.115,0.175,0.048,75.000,65.373,0.147,0.103,-0.527,1.413
0.115,0.175,0.048,90.000,68.659,0.094,0.064,-0.357,0.292
0.115,0.175,0.048,105.000,65.373,0.008,0.043,-0.163,-0.848
0.115,0.175,0.048,120.000,57.500,0.010,0.037,-0.039,-0.757
0.115,0.175,0.048,135.000,47.643,0.022,0.037,0.021,-0.322
0.115,0.175,0.048,150.000,37.075,0.024,0.040,0.055,-0.104
0.115,0.175,0.048,165.000,26.383,0.023,0.046,0.080,-0.010
0.115,0.175,0.048,180.000,15.919,0.022,0.053,0.104,0.041
0.115,0.175,0.048,195.000,5.981,0.022,0.063,0.131,0.077
0.115,0.175,0.048,210.000,-3.112,0.022,0.075,0.165,0.101
0.115,0.175,0.048,225.000,-10.975,0.022,0.090,0.207,0.098
0.115,0.175,0.048,240.000,-17.147,0.021,0.110,0.258,0.039
0.115,0.175,0.048,255.000,-21.129,0.018,0.133,0.312,-0.099
0.115,0.175,0.048,270.000,-22.511,0.014,0.162,0.357,-0.292
0.115,0.175,0.048,285.000,-21.129,0.011,0.193,0.378,-0.466
0.115,0.175,0.048,300.000,-17.147,0.009,0.225,0.361,-0.545
0.115,0.175,0.048,315.000,-10.975,0.009,0.253,0.298,-0.511
0.115,0.175,0.048,330.000,-3.112,0.012,0.274,0.192,-0.393
0.115,0.175,0.048,345.000,5.981,0.015,0.285,0.054,-0.228
0.115,0.175,0.048,360.000,15.919,0.020,0.283,-0.104,-0.041
0.118,0.177,0.043,15.000,24.430,0.027,0.275,-0.255,0.180
0.118,0.177,0.043,30.000,34.976,0.037,0.247,-0.403,0.427
0.118,0.177,0.043,45.000,45.262,0.055,0.208,-0.514,0.758
0.118,0.177,0.043,60.000,54.641,0.087,0.161,-0.563,1.174
0.118,0.177,0.043,75.000,61.844,0.114,0.114,-0.514,1.200
0.118,0.177,0.043,90.000,64.719,0.076,0.076,-0.365,0.298
0.118,0.177,0.043,105.000,61.844,0.019,0.053,-0.191,-0.623
0.118,0.177,0.043,120.000,54.641,0.013,0.044,-0.069,-0.657
0.118,0.177,0.043,135.000,45.262,0.020,0.042,-0.002,-0.336
0.118,0.177,0.043,150.000,34.976,0.022,0.044,0.038,-0.128
0.118,0.177,0.043,165.000,24.430,0.022,0.048,0.066,-0.025
0.118,0.177,0.043,180.000,14.020,0.021,0.055,0.093,0.034
0.118,0.177,0.043,195.000,4.067,0.021,0.064,0.122,0.076
0.118,0.177,0.043,210.000,-5.091,0.022,0.075,0.158,0.107
0.118,0.177,0.043,225.000,-13.052,0.022,0.090,0.202,0.110
0.118,0.177,0.043,240.000,-19.331,0.021,0.109,0.256,0.054
0.118,0.177,0.043,255.000,-23.401,0.019,0.132,0.314,-0.090
0.118,0.177,0.043,270.000,-24.817,0.014,0.161,0.365,-0.298
0.118,0.177,0.043,285.000,-23.401,0.010,0.193,0.391,-0.487
0.118,0.177,0.043,300.000,-19.331,0.008,0.226,0.376,-0.571
0.118,0.177,0.043,315.000,-13.052,0.009,0.256,0.314,-0.532
0.118,0.177,0.043,330.000,-5.091,0.011,0.279,0.207,-0.405
0.118,0.177,0.043,345.000,4.067,0.015,0.291,0.067,-0.231
0.118,0.177,0.043,360.000,14.020,0.020,0.290,-0.093,-0.034
0.116,0.179,0.049,15.000,26.152,0.027,0.272,-0.264,0.171
0.116,0.179,0.049,30.000,36.610,0.037,0.244,-0.409,0.411
0.116,0.179,0.049,45.000,46.887,0.057,0.204,-0.521,0.747
0.116,0.179,0.049,60.000,56.361,0.093,0.157,-0.570,1.213
0.116,0.179,0.049,75.000,63.768,0.129,0.109,-0.518,1.288
0.116,0.179,0.049,90.000,66.780,0.084,0.071,-0.359,0.293
0.116,0.179,0.049,105.000,63.768,0.015,0.049,-0.175,-0.721
0.116,0.179,0.049,120.000,56.361,0.012,0.041,-0.051,-0.705
0.116,0.179,0.049,135.000,46.887,0.021,0.041,0.014,-0.333
0.116,0.179,0.049,150.000,36.610,0.023,0.044,0.051,-0.118
0.116,0.179,0.049,165.000,26.152,0.023,0.049,0.078,-0.019
0.116,0.179,0.049,180.000,15.887,0.022,0.057,0.104,0.036
0.116,0.179,0.049,195.000,6.127,0.021,0.066,0.133,0.073
0.116,0.179,0.049,210.000,-2.802,0.021,0.079,0.167,0.097
0.116,0.179,0.049,225.000,-10.516,0.021,0.094,0.210,0.092
0.116,0.179,0.049,240.000,-16.562,0.021,0.114,0.261,0.032
0.116,0.179,0.049,255.000,-20.458,0.018,0.138,0.314,-0.104
0.116,0.179,0.049,270.000,-21.809,0.014,0.166,0.359,-0.293
0.116,0.179,0.049,285.000,-20.458,0.011,0.198,0.379,-0.462
0.116,0.179,0.049,300.000,-16.562,0.009,0.229,0.360,-0.540
0.116,0.179,0.049,315.000,-10.516,0.009,0.258,0.297,-0.507
0.116,0.179,0.049,330.000,-2.802,0.012,0.279,0.191,-0.390
0.116,0.179,0.049,345.000,6.127,0.015,0.290,0.053,-0.225
0.116,0.179,0.049,360.000,15.887,0.020,0.288,-0.104,-0.036
0.116,0.179,0.048,15.000,25.764,0.027,0.274,-0.262,0.174
0.116,0.179,0.048,30.000,36.195,0.037,0.245,-0.408,0.417
0.116,0.179,0.048,45.000,46.416,0.056,0.206,-0.519,0.751
0.116,0.179,0.048,60.000,55.799,0.091,0.159,-0.567,1.196
0.116,0.179,0.048,75.000,63.079,0.123,0.111,-0.516,1.248
0.116,0.179,0.048,90.000,66.015,0.081,0.073,-0.360,0.295
0.116,0.179,0.048,105.000,63.079,0.017,0.051,-0.180,-0.679
0.116,0.179,0.048,120.000,55.799,0.012,0.043,-0.057,-0.685
0.116,0.179,0.048,135.000,46.416,0.021,0.042,0.009,-0.335
0.116,0.179,0.048,150.000,36.195,0.023,0.044,0.047,-0.122
0.116,0.179,0.048,165.000,25.764,0.022,0.050,0.075,-0.022
0.116,0.179,0.048,180.000,15.510,0.022,0.057,0.102,0.034
0.116,0.179,0.048,195.000,5.748,0.021,0.067,0.131,0.073
0.116,0.179,0.048,210.000,-3.194,0.021,0.079,0.166,0.098
0.116,0.179,0.048,225.000,-10.927,0.021,0.094,0.209,0.094
0.116,0.179,0.048,240.000,-16.993,0.021,0.114,0.261,0.034
0.116,0.179,0.048,255.000,-20.904,0.018,0.138,0.315,-0.103
0.116,0.179,0.048,270.000,-22.261,0.014,0.166,0.360,-0.295
0.116,0.179,0.048,285.000,-20.904,0.011,0.198,0.381,-0.466
0.116,0.179,0.048,300.000,-16.993,0.009,0.230,0.363,-0.545
0.116,0.179,0.048,315.000,-10.927,0.009,0.258,0.300,-0.511
0.116,0.179,0.048,330.000,-3.194,0.012,0.280,0.194,-0.392
0.116,0.179,0.048,345.000,5.748,0.015,0.291,0.056,-0.226
0.116,0.179,0.048,360.000,15.510,0.020,0.289,-0.102,-0.034
